<?xml version="1.0" encoding="utf-8" standalone="yes"?>
<rss version="2.0" xmlns:atom="http://www.w3.org/2005/Atom">
  <channel>
    <title>Giải pháp quản trị doanh nghiệp số</title>
    <link>/zenwebtheme/</link>
    <description>Recent content on Giải pháp quản trị doanh nghiệp số</description>
    <generator>Hugo -- gohugo.io</generator>
    <language>en</language>
    <copyright>© Copyright 2017. All Rights Reserved.</copyright>
    
	<atom:link href="/zenwebtheme/index.xml" rel="self" type="application/rss+xml" />
    
    
    <item>
      <title>Theme 01</title>
      <link>/zenwebtheme/theme01/</link>
      <pubDate>Mon, 01 Jan 0001 00:00:00 +0000</pubDate>
      
      <guid>/zenwebtheme/theme01/</guid>
      <description></description>
    </item>
    
    <item>
      <title>Theme 02</title>
      <link>/zenwebtheme/theme02/</link>
      <pubDate>Mon, 01 Jan 0001 00:00:00 +0000</pubDate>
      
      <guid>/zenwebtheme/theme02/</guid>
      <description></description>
    </item>
    
  </channel>
</rss>