<?xml version="1.0" encoding="utf-8" standalone="yes"?><rss version="2.0" xmlns:atom="http://www.w3.org/2005/Atom"><channel><title>Zen Book on Giải pháp quản trị doanh nghiệp số</title><link>/books/</link><description>Recent content in Zen Book on Giải pháp quản trị doanh nghiệp số</description><generator>Hugo -- gohugo.io</generator><language>en</language><copyright>© Copyright 2017. All Rights Reserved.</copyright><atom:link href="/books/index.xml" rel="self" type="application/rss+xml"/><item><title>Bills</title><link>/books/bills/</link><pubDate>Mon, 01 Jan 0001 00:00:00 +0000</pubDate><guid>/books/bills/</guid><description>Bảng giá Invoices</description></item><item><title>Invoices</title><link>/books/invoice-management/</link><pubDate>Mon, 01 Jan 0001 00:00:00 +0000</pubDate><guid>/books/invoice-management/</guid><description>Bảng giá Invoices</description></item><item><title>Zen Book Pricing</title><link>/books/zen-book-pricing/</link><pubDate>Mon, 01 Jan 0001 00:00:00 +0000</pubDate><guid>/books/zen-book-pricing/</guid><description>Bảng giá zenbook</description></item></channel></rss>