<?xml version="1.0" encoding="utf-8" standalone="yes"?>
<rss version="2.0" xmlns:atom="http://www.w3.org/2005/Atom">
  <channel>
    <title>Công nghệ on Giải pháp quản trị doanh nghiệp số</title>
    <link>/categories/c%C3%B4ng-ngh%E1%BB%87/</link>
    <description>Recent content in Công nghệ on Giải pháp quản trị doanh nghiệp số</description>
    <generator>Hugo -- gohugo.io</generator>
    <language>en</language>
    <copyright>© Copyright 2017. All Rights Reserved.</copyright>
    <lastBuildDate>Sat, 30 Nov 2019 00:00:00 +0000</lastBuildDate>
    
	<atom:link href="/categories/c%C3%B4ng-ngh%E1%BB%87/index.xml" rel="self" type="application/rss+xml" />
    
    
    <item>
      <title>IaaS vs PaaS vs SaaS - Những gì bạn cần biết</title>
      <link>/blog/2019-11-iaas-vs-paas-vs-saas-nhung-gi-ban-can-biet/</link>
      <pubDate>Sat, 30 Nov 2019 00:00:00 +0000</pubDate>
      
      <guid>/blog/2019-11-iaas-vs-paas-vs-saas-nhung-gi-ban-can-biet/</guid>
      <description>Nếu bạn đang xem xét, di chuyển doanh nghiệp của mình lên đám mây, thì đây là 3 từ viết tắt quan trọng bạn cần xem xét:</description>
    </item>
    
  </channel>
</rss>