﻿<?xml version="1.0" encoding="utf-8"?><Search><pages Count="23"><page Index="1"><![CDATA[]]></page><page Index="2"><![CDATA[●    Giới thiệu công ty


                                                                              ●    Sản phẩm dịch vụ

                                                                              ●    Công nghệ - Dự án tiêu biểu

                                                                              ●    Khách hàng

                    NỘI DUNG]]></page><page Index="3"><![CDATA[CÔNG TY CỔ PHẦN GIẢI PHÁP CÔNG NGHỆ ZEN


                                                                          Chuyên sâu trong lĩnh vực Tư vấn và triển khai các giải
                                                                          pháp công nghệ, số hóa quy trình quản trị và điều
                                                                          hành doanh nghiệp trên nền tảng CNTT.]]></page><page Index="4"><![CDATA[TẦM NHÌN & SỨ MỆNH



       Sự lựa chọn tin cậy trong việc cung cấp giải pháp                                           Góp phần nâng cao
       công nghệ số hóa quy trình doanh nghiệp
                                                                                              năng lực quản trị của doanh
                                                                                               nghiệp Việt Nam thông qua
                                                                                                ứng dụng giải pháp công

                                                                 Xây dựng doanh                nghệ hiện  đại và quy trình
                                                             nghiệp phát triển bền              quản lý tiên tiến. Tạo môi
                                                              vững. Trở thành nhà                trường phát triển nghề
                                                               cung cấp giải pháp             nghiệp, năng lực của mỗi cá
                                                             công nghệ tin cậy đối                 nhân trong công ty.
                                                               với khách hàng. Có
                                                              trách nhiệm với cộng
                                                              đồng, đóng góp vào
                                                              sự phát triển chung
                                                                   của đất nước]]></page><page Index="5"><![CDATA[]]></page><page Index="6"><![CDATA[PHẦN MỀM QUẢN TRỊ DOANH NGHIỆP

      ZEN ERP



      Hệ thống quản trị tổng thể hoạch định nguồn lực doanh nghiệp. Cung cấp

      đầy đủ tính năng, nghiệp vụ giải quyết trọn vẹn các bài toán trong nhiều loại

      hình doanh nghiệp:
        ●    Quản trị Bán hàng

        ●    Quản trị mua hàng
        ●    Quản trị hàng tồn kho

        ●    Quản trị Sản xuất
        ●    Tài chính - kế toán

        ●    Nhân sự tiền lương
      Kiến trúc modules hóa, dễ mở rộng theo yêu cầu của doanh nghiệp

      Công nghệ hiện đại, đáp ứng nhu cầu ngày càng phát triển, tích hợp dễ dàng
      với các thiết bị ngoại vi và các hệ thống mở khác.]]></page><page Index="7"><![CDATA[PHẦN MỀM QUẢN LÝ ĐIỀU HÀNH DOANH NGHIỆP ONLINE

      ZEN BOS - Operating System for Business



      Giải quyết nhu cầu điều hành, cộng tác công việc giữa các bộ phận trong

      doanh nghiệp.

        ●    Quản lý quan hệ khách hàng
        ●    Quản lý hợp đồng

        ●    Quản lý dự án/công việc
        ●    Giao việc, thông báo, thông tin nội bộ

        ●    Quản lý nhân sự, chấm công
        ●    Portal dành cho khách hàng xem tiến độ dự án có liên quan
      Hệ thống được xây dựng vận hành online trên môi trường Web Application.

      Dễ dàng triển khai, cài đặt và sử dụng.]]></page><page Index="8"><![CDATA[PHẦN MỀM QUẢN LÝ KẾ TOÁN DOANH NGHIỆP

      ZEN Accounting



        ●    Giải  quyết  đầy  đủ  nghiệp  vụ  kế  toán  theo  chuẩn  mực  kế  toán  Việt

             Nam;

        ●    Đáp ứng đầy đủ báo cáo, số sách kế toán theo các chế độ kế toán
             TT133, TT200;

        ●    Truy vấn dữ liệu linh hoạt, khả năng drill-down (từ báo cáo tổng hợp

             về chi tiết, về chứng từ gốc)  trong mọi báo cáo;

        ●    Bảo mật, phân quyền chi tiết. Ghi nhận lịch sử sử dụng mọi thao tác
             trên hệ thống;

        ●    Công nghệ hiện đại, tiên tiến. Đáp ứng mọi quy mô, lĩnh vực, loại hình

             doanh nghiệp;]]></page><page Index="9"><![CDATA[HỆ THỐNG QUẢN LÝ KHO

      ZEN WMS



        ●    Quản lý hàng hóa, vật tư đầy đủ, đa dạng, nhiều chiều;

        ●    Quản lý quy trình fulﬁlled đơn hàng, chi tiết theo từng  trạng thái
        ●    Quản lý đầy đủ nghiệp vụ Nhập/xuất/Tồn kho

        ●    Quản lý hàng tồn kho theo nhiều kho, theo vị trí, ngăn kệ, lô date
             …
        ●    Dễ  dàng  tích  hợp  với  các  hệ  thống  phần  mềm  mở  rộng  thông

             qua Web Services chuẩn SOAP, WebService chuẩn RESTful …
        ●    Sẵn sàng kết nối để thiết bị đọc/in mã vạch, thiết bị di động cầm

             tay  (handheld), cân điện tử
        ●    ...]]></page><page Index="10"><![CDATA[DỊCH VỤ TƯ VẤN & XÂY DỰNG GIẢI PHÁP

      CÔNG NGHỆ THEO YÊU CẦU



       ❖     Tư vấn lựa chọn giải pháp - phần mềm sẵn

             có, phù hợp

       ❖     Xây  dựng  giải  pháp  công  nghệ  số  hóa  quy

             trình quản trị doanh nghiệp

       ❖     Xây dựng hệ thống phần mềm theo nhu cầu

             doanh nghiệp]]></page><page Index="11"><![CDATA[CÔNG NGHỆ




             ZENTECH luôn nắm bắt xu hướng công nghệ mới
             nhằm ứng dụng vào các giải pháp, mang lại trải
             nghiệm và hiệu quả tốt nhất cho người dùng]]></page><page Index="12"><![CDATA[]]></page><page Index="13"><![CDATA[SỐ HÓA QUY TRÌNH THU MUA VÀ QUẢN LÝ CHẤT LƯỢNG MỦ CAO SU

      CÔNG TY CỔ PHẦN CAO SU PHƯỚC HÒA



      Số hóa toàn bộ quy trình thu mua và quản lý chất mủ

      cao su.

       ●    Tích hợp cân điện tử trong quy trình thu mua
       ●    Ứng dụng mã vạch trong việc mã hóa và bảo mật

            thông tin/chất lượng mủ thu mua

       ●    Vận hành online nhiều nhà máy/nông trường thu

            mua.
       ●    Tổng hợp số liệu toàn công ty

       ●    ...









      Năm: 2018
      Thời gian: 8 tháng]]></page><page Index="14"><![CDATA[HỆ THỐNG QUẢN LÝ KHO - TRUY XUẤT NGUỒN GỐC

      CÔNG TY TNHH SX DV TM TIẾN THỊNH



      Hệ thống quản lý doanh nghiệp sản xuất/kinh doanh
      dây cáp điện từ:
       ●    Tích hợp cân điện tử;
       ●    Ứng  dụng  mã  vạch  trong  việc  đánh  mã  Nguyên
            vật liệu, thành phẩm.

       ●    Truy xuất nguồn gốc thành phẩm
       ●    ...


      Quản lý đầy đủ các phân hệ nghiệp vụ.
       ●    Nhập xuất tồn kho Nguyên liệu
       ●    Nhập xuất tồn kho Thành phẩm
       ●    Quy trình mua vật tư nguyên liệu/nợ phải trả
       ●    Quy trình bán hàng/nợ phải thu






      Năm: 2018
      Thời gian: 5 tháng]]></page><page Index="15"><![CDATA[HỆ THỐNG THANH TOÁN KHÔNG TIỀN MẶT

      BỆNH VIỆN QUỐC TẾ MỸ  - AIH



      Xây dựng hệ thống phát hành và quản lý thẻ trả trước
      để  giải  quyết  nghiệp  vụ  thanh  toán  không  tiền  mặt
      trong quy trình thanh toán tại bệnh viện.



       ●    Ứng dụng mã QRCode trong việc mã hóa và phát
            hành thẻ trả trước
       ●    Sử  dụng  mã  QRCode/thẻ  trả  trước  trong  quy
            trình thanh toán không tiền mặt
       ●    Quản lý thông tin khách hàng, bệnh nhân
       ●    Quản lý thông tin người thụ hưởng của tài khoản
            thẻ trả trước
       ●    Quản  lý  các  nghiệp  vụ  thẻ  và  truy  xuất  lịch  sử
            giao dịch trên thẻ
       ●    ...




      Năm: 2020
      Thời gian: 3 tháng]]></page><page Index="16"><![CDATA[HỆ THỐNG QUẢN TRỊ DOANH NGHIỆP

      CÔNG TY TNHH SX - TM ASTA



      Hệ thống quản trị tổng thể doanh nghiệp (ERP) ngành
      sản xuất thuốc thú y:


       ●    Quản lý Bán hàng

       ●    Quản lý Mua hàng
       ●    Quản lý kho
       ●    Quản lý tài chính – kế toán
       ●    Quản lý tài sản
       ●    Quản lý sản xuất














      Năm: 2019
      Thời gian: 6 tháng]]></page><page Index="17"><![CDATA[HỆ THỐNG QUẢN TRỊ DOANH NGHIỆP

      CÔNG TY TNHH KỸ THUẬT CƠ ĐIỆN MEE



      Hệ thống quản trị tổng thể doanh nghiệp (ERP) ngành
      sản xuất cơ khí:


       ●    Quản lý Bán hàng

       ●    Quản lý Mua hàng
       ●    Quản lý kho
       ●    Quản lý tài chính – kế toán
       ●    Quản lý tài sản
       ●    Quản lý sản xuất
       ●    Quản lý dự án
       ●    Quản lý nhân sự
       ●    Quản lý tiền lương








      Năm: 2017-2018
      Thời gian: 9 tháng]]></page><page Index="18"><![CDATA[HỆ THỐNG ĐIỀU HÀNH DOANH NGHIỆP ONLINE

      CÔNG TY CỔ PHẦN TP HOME VN



      Số hóa toàn bộ quy trình quản lý sản xuất kinh doanh,
      doanh nghiệp ngành Thiết kế và thi công nội thất:


       ●    Quản lý quan hệ khách hàng

       ●    Quản lý dự án
       ●    Quản lý tài chính – kế toán
       ●    Quản lý mua hàng
       ●    Quản lý tồn kho
       ●    Quản lý tài sản
       ●    Cổng thông tin điều hành doanh nghiệp và quản
            lý nội bộ
       ●    Portal  giao  tiếp,  theo  dõi  tiến  độ  dành  cho  chủ
            đầu tư






      Năm: 2019
      Thời gian: 7 tháng]]></page><page Index="19"><![CDATA[HỆ THỐNG QUẢN LÝ MUA HÀNG TẬP TRUNG

      MATHNASIUM VIỆT NAM



      Quản  lý  toàn  bộ  quy  trình  yêu  cầu  hàng  hoá,  giáo
      trình, quà tặng; xử lý mua hàng; quản lý tồn kho tập
      trung,  điều  chuyển  phân  phối  hàng  giữa  các  trung
      tâm với nhau ...



       ●    Quản  lý  quy  trình  đề  nghị  mua  hàng  từ  các
            trung tâm về hội sở
       ●    Quản lý đánh giá/chấm điểm nhà cung cấp
       ●    Theo dõi quá trình đặt hàng, nhập hàng từ nhà
            cung cấp
       ●    Theo  dõi  nhập/xuất/tồn  kho  ở  từng  trung  tâm
            và tổng kho hội sở
       ●    Điều  chuyển  từ  tổng  kho  về  các  trung  tâm  và
            giữa các hội sở với nhau




      Năm: 2017
      Thời gian: 4 tháng]]></page><page Index="20"><![CDATA[HỆ THỐNG QUẢN LÝ TÀI CHÍNH VI MÔ

      KIM AN GROUP



      Quản lý hoạt động của doanh nghiệp cung cấp các sản
      phẩm tài chính vi mô


       ●    Quản lý sản phẩm tài chính

       ●    Quản lý quy trình thẩm định, phê duyệt hồ sơ vay
       ●    Quản lý hợp đồng vay
       ●    Quản lý lịch sử giao dịch của khách hàng
       ●    Tính lãi vay, tính lãi quá hạn, ngày trễ hạn ...
       ●    Theo dõi quá trả gốc, lãi của khách hàng














      Năm: 2017
      Thời gian: 5 tháng]]></page><page Index="21"><![CDATA[]]></page><page Index="22"><![CDATA[]]></page><page Index="23"><![CDATA[CÔNG TY CỔ PHẦN GIẢI PHÁP CÔNG NGHỆ ZEN

     Address:    111 đường số 8, KDC CityLand Park Hills, P.10,  Q. Gò Vấp, TP.HCM
     Tel: 028 3622 0101          Hotline: 098 7575970

     Email:  contact@zentech.vn          Website: https://zentech.vn]]></page></pages></Search>