<?xml version="1.0" encoding="utf-8" standalone="yes"?><rss version="2.0" xmlns:atom="http://www.w3.org/2005/Atom"><channel><title>Công nghệ on Giải pháp quản trị doanh nghiệp số</title><link>/categories/cong-nghe/</link><description>Recent content in Công nghệ on Giải pháp quản trị doanh nghiệp số</description><generator>Hugo -- gohugo.io</generator><language>en</language><copyright>© Copyright 2017. All Rights Reserved.</copyright><lastBuildDate>Sat, 17 Oct 2020 00:00:00 +0000</lastBuildDate><atom:link href="/categories/cong-nghe/index.xml" rel="self" type="application/rss+xml"/><item><title>Phương pháp xây dựng hệ thống quản lý hàng tồn kho</title><link>/blog/2020-10-xay-dung-he-thong-quan-ly-hang-ton-kho/</link><pubDate>Sat, 17 Oct 2020 00:00:00 +0000</pubDate><guid>/blog/2020-10-xay-dung-he-thong-quan-ly-hang-ton-kho/</guid><description>Trong mỗi doanh nghiệp, hàng tồn kho luôn là một trong những tài sản chiếm tỷ trọng lớn trên tổng giá trị tài sản.</description></item><item><title>Tại sao bạn nên sử dụng phần mềm kế toán đám mây</title><link>/blog/2020-10-tai-sao-ban-nen-ung-dung-phan-mem-ke-toan-dam-may/</link><pubDate>Sat, 17 Oct 2020 00:00:00 +0000</pubDate><guid>/blog/2020-10-tai-sao-ban-nen-ung-dung-phan-mem-ke-toan-dam-may/</guid><description>Bạn đã nghe nhiều về khái niệm lưu trữ đám mây. Phần mềm kế toán đám mây mang đến những lợi ích gì?</description></item><item><title>Xử lý phân tích dữ liệu trực tuyến – OLAP</title><link>/blog/2020-07-xu-ly-phan-tich-du-lieu-truc-tuyen/</link><pubDate>Thu, 16 Jul 2020 00:00:00 +0000</pubDate><guid>/blog/2020-07-xu-ly-phan-tich-du-lieu-truc-tuyen/</guid><description>Hệ thống OLAP (On Line Analysis Processing - Xử lý phân tích trực tuyến) là một hệ thống xử lý dữ liệu mạnh.</description></item><item><title>IaaS vs PaaS vs SaaS - Những gì bạn cần biết</title><link>/blog/2019-11-iaas-vs-paas-vs-saas-nhung-gi-ban-can-biet/</link><pubDate>Sat, 30 Nov 2019 00:00:00 +0000</pubDate><guid>/blog/2019-11-iaas-vs-paas-vs-saas-nhung-gi-ban-can-biet/</guid><description>Nếu bạn đang xem xét, di chuyển doanh nghiệp của mình lên đám mây, thì đây là 3 từ viết tắt quan trọng bạn cần xem xét:</description></item></channel></rss>