<?xml version="1.0" encoding="utf-8" standalone="yes"?><rss version="2.0" xmlns:atom="http://www.w3.org/2005/Atom"><channel><title>Categories on Business management management solutions</title><link>/en/categories/</link><description>Recent content in Categories on Business management management solutions</description><generator>Hugo -- gohugo.io</generator><language>en</language><copyright>© Copyright 2017. All Rights Reserved.</copyright><atom:link href="/en/categories/index.xml" rel="self" type="application/rss+xml"/></channel></rss>