<?xml version="1.0" encoding="utf-8" standalone="yes"?><rss version="2.0" xmlns:atom="http://www.w3.org/2005/Atom"><channel><title>Quản trị on Giải pháp quản trị doanh nghiệp số</title><link>/categories/quan-tri/</link><description>Recent content in Quản trị on Giải pháp quản trị doanh nghiệp số</description><generator>Hugo -- gohugo.io</generator><language>en</language><copyright>© Copyright 2017. All Rights Reserved.</copyright><lastBuildDate>Sat, 17 Oct 2020 00:00:00 +0000</lastBuildDate><atom:link href="/categories/quan-tri/index.xml" rel="self" type="application/rss+xml"/><item><title>Phương pháp xây dựng hệ thống quản lý hàng tồn kho</title><link>/blog/2020-10-xay-dung-he-thong-quan-ly-hang-ton-kho/</link><pubDate>Sat, 17 Oct 2020 00:00:00 +0000</pubDate><guid>/blog/2020-10-xay-dung-he-thong-quan-ly-hang-ton-kho/</guid><description>Trong mỗi doanh nghiệp, hàng tồn kho luôn là một trong những tài sản chiếm tỷ trọng lớn trên tổng giá trị tài sản.</description></item><item><title>Tại sao bạn nên sử dụng phần mềm kế toán đám mây</title><link>/blog/2020-10-tai-sao-ban-nen-ung-dung-phan-mem-ke-toan-dam-may/</link><pubDate>Sat, 17 Oct 2020 00:00:00 +0000</pubDate><guid>/blog/2020-10-tai-sao-ban-nen-ung-dung-phan-mem-ke-toan-dam-may/</guid><description>Bạn đã nghe nhiều về khái niệm lưu trữ đám mây. Phần mềm kế toán đám mây mang đến những lợi ích gì?</description></item><item><title>Xử lý phân tích dữ liệu trực tuyến – OLAP</title><link>/blog/2020-07-xu-ly-phan-tich-du-lieu-truc-tuyen/</link><pubDate>Thu, 16 Jul 2020 00:00:00 +0000</pubDate><guid>/blog/2020-07-xu-ly-phan-tich-du-lieu-truc-tuyen/</guid><description>Hệ thống OLAP (On Line Analysis Processing - Xử lý phân tích trực tuyến) là một hệ thống xử lý dữ liệu mạnh.</description></item><item><title>Order Fulfillment – Dịch vụ hoàn tất đơn hàng là gì?</title><link>/blog/2019-12-order-fulfillment-dich-vu-hoan-tat-don-hang-la-gi/</link><pubDate>Wed, 25 Dec 2019 00:00:00 +0000</pubDate><guid>/blog/2019-12-order-fulfillment-dich-vu-hoan-tat-don-hang-la-gi/</guid><description>Order Fulfillment có thể hiểu đơn giản là Toàn bộ quá trình từ lúc Khách hàng đặt mua đến lúc sản phẩm được giao tới tận tay người dùng, bao gồm lấy hàng.</description></item></channel></rss>