<?xml version="1.0" encoding="utf-8" standalone="yes"?><rss version="2.0" xmlns:atom="http://www.w3.org/2005/Atom"><channel><title>zenbook on Giải pháp quản trị doanh nghiệp số</title><link>/tags/zenbook/</link><description>Recent content in zenbook on Giải pháp quản trị doanh nghiệp số</description><generator>Hugo -- gohugo.io</generator><language>en</language><copyright>© Copyright 2017. All Rights Reserved.</copyright><lastBuildDate>Sat, 17 Oct 2020 00:00:00 +0000</lastBuildDate><atom:link href="/tags/zenbook/index.xml" rel="self" type="application/rss+xml"/><item><title>Tại sao bạn nên sử dụng phần mềm kế toán đám mây</title><link>/blog/2020-10-tai-sao-ban-nen-ung-dung-phan-mem-ke-toan-dam-may/</link><pubDate>Sat, 17 Oct 2020 00:00:00 +0000</pubDate><guid>/blog/2020-10-tai-sao-ban-nen-ung-dung-phan-mem-ke-toan-dam-may/</guid><description>Bạn đã nghe nhiều về khái niệm lưu trữ đám mây. Phần mềm kế toán đám mây mang đến những lợi ích gì?</description></item></channel></rss>