<?xml version="1.0" encoding="utf-8" standalone="yes"?><rss version="2.0" xmlns:atom="http://www.w3.org/2005/Atom"><channel><title>zenwms on Giải pháp quản trị doanh nghiệp số</title><link>/tags/zenwms/</link><description>Recent content in zenwms on Giải pháp quản trị doanh nghiệp số</description><generator>Hugo -- gohugo.io</generator><language>en</language><copyright>© Copyright 2017. All Rights Reserved.</copyright><lastBuildDate>Sat, 17 Oct 2020 00:00:00 +0000</lastBuildDate><atom:link href="/tags/zenwms/index.xml" rel="self" type="application/rss+xml"/><item><title>Phương pháp xây dựng hệ thống quản lý hàng tồn kho</title><link>/blog/2020-10-xay-dung-he-thong-quan-ly-hang-ton-kho/</link><pubDate>Sat, 17 Oct 2020 00:00:00 +0000</pubDate><guid>/blog/2020-10-xay-dung-he-thong-quan-ly-hang-ton-kho/</guid><description>Trong mỗi doanh nghiệp, hàng tồn kho luôn là một trong những tài sản chiếm tỷ trọng lớn trên tổng giá trị tài sản.</description></item></channel></rss>