<?xml version="1.0" encoding="utf-8" standalone="yes"?><rss version="2.0" xmlns:atom="http://www.w3.org/2005/Atom"><channel><title>Tác giả on Giải pháp quản trị doanh nghiệp số</title><link>/authors/</link><description>Recent content in Tác giả on Giải pháp quản trị doanh nghiệp số</description><generator>Hugo -- gohugo.io</generator><language>en</language><copyright>© Copyright 2017. All Rights Reserved.</copyright><lastBuildDate>Thu, 28 Jan 2021 00:00:00 +0000</lastBuildDate><atom:link href="/authors/index.xml" rel="self" type="application/rss+xml"/><item><title/><link>/authors/linhhoang/</link><pubDate>Thu, 28 Jan 2021 00:00:00 +0000</pubDate><guid>/authors/linhhoang/</guid><description>Giớ thiệu về Linh</description></item><item><title/><link>/authors/chungtrinh/</link><pubDate>Sat, 17 Oct 2020 00:00:00 +0000</pubDate><guid>/authors/chungtrinh/</guid><description>Giới thiệu về Chung</description></item></channel></rss>