<?xml version="1.0" encoding="utf-8" standalone="yes"?>
<rss version="2.0" xmlns:atom="http://www.w3.org/2005/Atom">
  <channel>
    <title>Tin hoạt động on Giải pháp quản trị doanh nghiệp số</title>
    <link>/categories/tin-ho%E1%BA%A1t-%C4%91%E1%BB%99ng/</link>
    <description>Recent content in Tin hoạt động on Giải pháp quản trị doanh nghiệp số</description>
    <generator>Hugo -- gohugo.io</generator>
    <language>en</language>
    <copyright>© Copyright 2017. All Rights Reserved.</copyright>
    <lastBuildDate>Mon, 30 Sep 2019 00:00:00 +0000</lastBuildDate>
    
	<atom:link href="/categories/tin-ho%E1%BA%A1t-%C4%91%E1%BB%99ng/index.xml" rel="self" type="application/rss+xml" />
    
    
    <item>
      <title>Thông báo thay đổi địa chỉ giao dịch</title>
      <link>/blog/2019-09-thong-bao-thay-doi-dia-chi-giao-dich/</link>
      <pubDate>Mon, 30 Sep 2019 00:00:00 +0000</pubDate>
      
      <guid>/blog/2019-09-thong-bao-thay-doi-dia-chi-giao-dich/</guid>
      <description>THÔNG BÁO
(v/v Thay đổi địa chỉ giao dịch)
Kính gửi: QUÝ KHÁCH HÀNG và ĐỐI TÁC
Công ty Cổ Phần Phần Giải pháp Công nghệ ZEN xin trân trọng gửi tới Quý Khách hàng và Đối tác thông báo về việc thay đổi địa chỉ giao dịch, cụ thể như sau:</description>
    </item>
    
    <item>
      <title>ZENTECH tham gia tài trợ giải tennis TPLand mở rộng</title>
      <link>/blog/2019-08-zentech-tham-gia-tai-tro-giai-tennis-tpland/</link>
      <pubDate>Mon, 26 Aug 2019 00:00:00 +0000</pubDate>
      
      <guid>/blog/2019-08-zentech-tham-gia-tai-tro-giai-tennis-tpland/</guid>
      <description>Nhằm tạo môi trường và cơ hội giao lưu giữa các doanh nghiệp trên địa bàn TPHCM. Sáng ngày 25/08/2019, giải quần vợt cúp TPland mở rộng đã chính thức khởi tranh tại sân Tennis KDC Trung Sơn, Quận Bình Chánh, TP.</description>
    </item>
    
    <item>
      <title>Thông báo lịch nghỉ lễ Giỗ tổ Hùng Vương 2019</title>
      <link>/blog/2019-04-thong-bao-lich-nghi-le-gio-to-hung-vuong/</link>
      <pubDate>Sat, 20 Apr 2019 00:00:00 +0000</pubDate>
      
      <guid>/blog/2019-04-thong-bao-lich-nghi-le-gio-to-hung-vuong/</guid>
      <description>Kính gửi: Quý khách hàng và đối tác
Công ty Cổ phần Giải pháp Công nghệ ZEN xin chân thành cảm ơn Quý khách hàng và đối tác đã dành sự tin tưởng, lựa chọn sản phẩm phần mềm – dịch vụ của chúng tôi trong thời gian qua.</description>
    </item>
    
  </channel>
</rss>