<?xml version="1.0" encoding="utf-8" standalone="yes"?><rss version="2.0" xmlns:atom="http://www.w3.org/2005/Atom"><channel><title>Categories on Giải pháp quản trị doanh nghiệp số</title><link>/categories/</link><description>Recent content in Categories on Giải pháp quản trị doanh nghiệp số</description><generator>Hugo -- gohugo.io</generator><language>en</language><copyright>© Copyright 2017. All Rights Reserved.</copyright><lastBuildDate>Thu, 28 Jan 2021 00:00:00 +0000</lastBuildDate><atom:link href="/categories/index.xml" rel="self" type="application/rss+xml"/><item><title>Tin hoạt động</title><link>/categories/tin-hoat-%C4%91ong/</link><pubDate>Thu, 28 Jan 2021 00:00:00 +0000</pubDate><guid>/categories/tin-hoat-%C4%91ong/</guid><description/></item><item><title>Công nghệ</title><link>/categories/cong-nghe/</link><pubDate>Sat, 17 Oct 2020 00:00:00 +0000</pubDate><guid>/categories/cong-nghe/</guid><description/></item><item><title>Quản trị</title><link>/categories/quan-tri/</link><pubDate>Sat, 17 Oct 2020 00:00:00 +0000</pubDate><guid>/categories/quan-tri/</guid><description/></item></channel></rss>