<?xml version="1.0" encoding="utf-8" standalone="yes"?><rss version="2.0" xmlns:atom="http://www.w3.org/2005/Atom"><channel><title>Hướng dẫn sử dụng Books on Giải pháp quản trị doanh nghiệp số</title><link>/books/help/</link><description>Recent content in Hướng dẫn sử dụng Books on Giải pháp quản trị doanh nghiệp số</description><generator>Hugo -- gohugo.io</generator><language>en</language><copyright>© Copyright 2017. All Rights Reserved.</copyright><atom:link href="/books/help/index.xml" rel="self" type="application/rss+xml"/><item><title>Bài 1.1</title><link>/books/help/1-bai1.01/</link><pubDate>Mon, 01 Jan 0001 00:00:00 +0000</pubDate><guid>/books/help/1-bai1.01/</guid><description>Bài HDSD 01</description></item><item><title>Bài 1.2</title><link>/books/help/1-bai1.02/</link><pubDate>Mon, 01 Jan 0001 00:00:00 +0000</pubDate><guid>/books/help/1-bai1.02/</guid><description>Bài HDSD 01</description></item><item><title>Bài 2.1</title><link>/books/help/2-bai2.01/</link><pubDate>Mon, 01 Jan 0001 00:00:00 +0000</pubDate><guid>/books/help/2-bai2.01/</guid><description>Bài HDSD 01</description></item></channel></rss>