<?xml version="1.0" encoding="utf-8" standalone="yes"?><rss version="2.0" xmlns:atom="http://www.w3.org/2005/Atom"><channel><title>Zen book feature on Giải pháp quản trị doanh nghiệp số</title><link>/books/features/</link><description>Recent content in Zen book feature on Giải pháp quản trị doanh nghiệp số</description><generator>Hugo -- gohugo.io</generator><language>en</language><copyright>© Copyright 2017. All Rights Reserved.</copyright><atom:link href="/books/features/index.xml" rel="self" type="application/rss+xml"/><item><title>feature 01</title><link>/books/features/day-la-tinh-nang-1/</link><pubDate>Mon, 01 Jan 0001 00:00:00 +0000</pubDate><guid>/books/features/day-la-tinh-nang-1/</guid><description>Đây là tính năng 01</description></item><item><title>feature 02</title><link>/books/features/feature02/</link><pubDate>Mon, 01 Jan 0001 00:00:00 +0000</pubDate><guid>/books/features/feature02/</guid><description>Đây là tính năng 02</description></item><item><title>feature 03</title><link>/books/features/feature03/</link><pubDate>Mon, 01 Jan 0001 00:00:00 +0000</pubDate><guid>/books/features/feature03/</guid><description>Đây là tính năng 03</description></item></channel></rss>