<?xml version="1.0" encoding="utf-8" standalone="yes"?><rss version="2.0" xmlns:atom="http://www.w3.org/2005/Atom"><channel><title>Tags on Giải pháp quản trị doanh nghiệp số</title><link>/tags/</link><description>Recent content in Tags on Giải pháp quản trị doanh nghiệp số</description><generator>Hugo -- gohugo.io</generator><language>en</language><copyright>© Copyright 2017. All Rights Reserved.</copyright><lastBuildDate>Sat, 17 Oct 2020 00:00:00 +0000</lastBuildDate><atom:link href="/tags/index.xml" rel="self" type="application/rss+xml"/><item><title>zenbook</title><link>/tags/zenbook/</link><pubDate>Sat, 17 Oct 2020 00:00:00 +0000</pubDate><guid>/tags/zenbook/</guid><description/></item><item><title>zenwms</title><link>/tags/zenwms/</link><pubDate>Sat, 17 Oct 2020 00:00:00 +0000</pubDate><guid>/tags/zenwms/</guid><description/></item><item><title>zencube</title><link>/tags/zencube/</link><pubDate>Thu, 16 Jul 2020 00:00:00 +0000</pubDate><guid>/tags/zencube/</guid><description/></item></channel></rss>