<?xml version="1.0" encoding="utf-8" standalone="yes"?>
<rss version="2.0" xmlns:atom="http://www.w3.org/2005/Atom">
  <channel>
    <title>Authors.html on Giải pháp quản trị doanh nghiệp số</title>
    <link>/authors.html/</link>
    <description>Recent content in Authors.html on Giải pháp quản trị doanh nghiệp số</description>
    <generator>Hugo -- gohugo.io</generator>
    <language>en</language>
    <copyright>© Copyright 2017. All Rights Reserved.</copyright>
    
	<atom:link href="/authors.html/index.xml" rel="self" type="application/rss+xml" />
    
    
  </channel>
</rss>